平台,日期,用户编号,分层,主题,强度,影响,证据类型,观察摘要（研究者概括）
B站,,U0004,,深渊11层镇石机制与怪物集火,2,3,stated,以玩梗形式点出11层怪物只打镇石不打玩家
B站,,U0005,,深渊11层镇石机制与怪物集火,2,3,stated,描述11层镇石被高射速怪物打成筛子的情景
B站,,U0006,,深渊11层镇石机制与怪物集火,5,5,stated,要求修复11层第一间下半，怪物不该一直盯着镇石打，并希望策划亲自试玩一次
B站,,U0007,硬核,社区氛围与玩家对立,4,3,stated,嘲讽强度社区口头谈满配DPS却连11层都打不过
B站,,U0008,,社区氛围与玩家对立,4,2,stated,"逐条反驳""11层对萌新不友好""，强调萌新培养成本低、镇石反而利好萌新"
B站,,U0009,回坑,移动端操作与设备适配,5,4,behavior,指出手机端操作难度，并说明自己手机没过、换电脑才过
B站,,U0010,,深渊11层镇石机制与怪物集火,3,4,stated,抱怨被冻结的怪物仍持续攻击镇石
B站,,U0011,,深渊11层镇石机制与怪物集火,4,4,stated,抱怨11层下半一次放24只怪导致反复重开
B站,,U0012,硬核,深渊与高难副本的难度梯度/体系门槛,4,4,behavior,1600天老玩家宣布放弃本期11层
B站,,U0016,,自选五星活动的选择决策,3,1,stated,用长文表达自选公子的理由，属角色偏好驱动的自选决策
B站,,U0017,,自选五星活动的选择决策,3,1,stated,与上一条相同的复制文案，表达自选同一角色
B站,,U0018,,自选五星活动的选择决策,3,1,stated,与上一条相同的复制文案，表达自选同一角色
B站,,U0018,,自选五星活动的选择决策,3,1,stated,与上一条相同的复制文案，表达自选同一角色
B站,,U0019,,自选五星活动的选择决策,3,2,stated,说明自己已有零命与一命角色但更想要另一名角色
B站,,U0020,萌新,内容生态与攻略质量,4,3,stated,认为面向萌新的自选推荐应讲角色偏好而非强度，被推荐的公子强度不足
B站,,U0021,,强度膨胀与版本平衡焦虑,2,2,stated,推测集中出新反应角色是为了危战开三路反应环境
B站,,U0022,,深渊与高难副本的难度梯度/体系门槛,2,2,stated,以玩梗方式指出危战多间作战需要同一核心角色分成两队使用
B站,,U0029,,深渊11层镇石机制与怪物集火,3,4,stated,用夸张比喻形容镇石脆弱、怪物火力凶猛
B站,,U0034,,社区氛围与玩家对立,4,4,behavior,讲述在另一款游戏官号提意见被围攻并因此退游
B站,,U0036,,深渊与高难副本的难度梯度/体系门槛,2,1,stated,长期误把n4当成n5，说明难度层级区分不清
B站,,U0037,,深渊与高难副本的难度梯度/体系门槛,3,2,behavior,记录一年来第一次通关N5
B站,,U0038,,内容生态与攻略质量,4,3,stated,反感代肝广告占据首页推荐流
B站,,U0039,,内容生态与攻略质量,3,2,stated,认为非0命的角色演示对手上没有该角色的观众没有参考价值
B站,,U0040,,内容生态与攻略质量,3,2,stated,抱怨该视频影响了自己的自选决策、属于捣乱
B站,,U0044,休闲,强度膨胀与版本平衡焦虑,3,1,behavior,自称不在乎强度，深渊只打到11-3、危战只打困难模式拿完原石就停
B站,,U0046,,强度膨胀与版本平衡焦虑,2,1,stated,玩梗总结不抽辅助角色的两套理由
B站,,U0047,,抽卡资源获取与卡池福利体验,2,1,stated,描述补强抽卡歪了但结果尚可
B站,,U0048,,内容生态与攻略质量,4,3,stated,批评攻略未做测试就发布、内容不如以前详细
B站,,U0051,,内容生态与攻略质量,3,2,stated,批评UP主态度双标，不做详细测试反而批评观众
B站,,U0052,,社区氛围与玩家对立,3,2,stated,吐槽危战与强度区的极端玩家
B站,,U0053,,社区氛围与玩家对立,2,2,stated,质疑n5n6层玩家数量被夸大
B站,,U0054,,深渊与高难副本的难度梯度/体系门槛,4,4,stated,指出12-3的怪物不带特定体系队伍打不了，伤害高且没有血条
B站,,U0055,,深渊11层镇石机制与怪物集火,4,4,stated,抱怨11层第一间下半镇石保护率掉得快、上下半难度失衡
B站,,U0056,,深渊11层镇石机制与怪物集火,4,4,stated,抱怨11-1怪物波次衔接过快、没有喘息空间
B站,,U0057,,强度膨胀与版本平衡焦虑,2,1,stated,认为该角色武器与命座仍有加强空间
B站,,U0058,,社区氛围与玩家对立,2,1,stated,"争论角色成本的""金数""统计口径"
B站,,U0059,休闲,强度膨胀与版本平衡焦虑,2,1,stated,表示n5通关即收手、过程不受苦
B站,,U0060,,强度膨胀与版本平衡焦虑,3,3,stated,质疑环境增伤buff分配偏向特定反应体系
B站,,U0062,,深渊与高难副本的难度梯度/体系门槛,3,3,stated,表示想不出能打的队伍
B站,,U0063,,深渊与高难副本的难度梯度/体系门槛,2,2,stated,指出观众更关注11层而不是12层
B站,,U0064,,深渊与高难副本的难度梯度/体系门槛,2,2,stated,认为本期12层比11层简单
B站,,U0065,,深渊与高难副本的难度梯度/体系门槛,2,2,stated,呼吁尽快出11-1攻略
B站,,U0066,回坑,内容生态与攻略质量,3,3,stated,指出回坑攻略大半在讲深渊，与游戏剧情、大世界为主的定位不符
B站,,U0067,,角色养成资源与时间成本,4,4,stated,"反驳""养成简单""，指出武器与天赋养成材料卡资源"
B站,,U0068,回坑,内容生态与攻略质量,3,3,stated,抱怨回坑攻略推荐了自己不需要的角色
B站,,U0069,硬核,内容生态与攻略质量,4,3,behavior,依据自己重开号和朋友萌新号踩坑的经验逐条纠正攻略错误
B站,,U0070,,新手与回坑玩家的上手困惑,2,2,stated,认为这类玩法适合老玩家重生，萌新前期升级武器即可推进
B站,,U0071,萌新,新手与回坑玩家的上手困惑,3,2,stated,安慰萌新不必焦虑，升级配装后足以玩到第一个限定五星
B站,,U0072,,内容生态与攻略质量,2,1,stated,建议内容选题多用新角色加低金的标签
B站,,U0073,,强度膨胀与版本平衡焦虑,2,2,stated,认为没抽某角色的人吃亏，称其为至冬人权卡
B站,,U0074,,奖励发放与投入/期望落差,3,3,stated,抱怨小游戏一局七八分钟，与奖励不匹配
B站,,U0075,,活动玩法设计与关卡体验,4,4,stated,吐槽第三关体验极差，认为策划没有用手机测试过
B站,,U0076,,活动玩法设计与关卡体验,4,4,stated,称本期大活动小游戏是史上最恶心，一次上了两个
B站,,U0079,,新手与回坑玩家的上手困惑,3,2,stated,求某玩法攻略
B站,,U0080,,内容生态与攻略质量,4,3,stated,"批评抛开玩家现有体系推荐角色、用""抽错必后悔""制造焦虑"
B站,,U0080,,内容生态与攻略质量,4,3,stated,质疑创作者刻意制造抽卡焦虑，并指出角色退环境较慢
B站,,U0081,,内容生态与攻略质量,4,3,stated,质疑抽卡规划类视频用AI批量生产
B站,,U0082,,内容生态与攻略质量,4,3,stated,认为视频除推销角色外没有有意义的信息
B站,,U0085,,内容生态与攻略质量,2,2,stated,反馈视频音频刺耳、影响观看
B站,,U0086,,奖励发放与投入/期望落差,3,2,stated,期望活动给皮肤结果给的是武器，希望有中国风的剑
